{
  "hash": "c5f5d8af",
  "configHash": "7e21ab53",
  "lockfileHash": "d98a3801",
  "browserHash": "0e3c5e26",
  "optimized": {
    "@angular/common": {
      "src": "../../../../../../node_modules/@angular/common/fesm2022/common.mjs",
      "file": "@angular_common.js",
      "fileHash": "dc353490",
      "needsInterop": false
    },
    "@angular/common/http": {
      "src": "../../../../../../node_modules/@angular/common/fesm2022/http.mjs",
      "file": "@angular_common_http.js",
      "fileHash": "c7f79f75",
      "needsInterop": false
    },
    "@angular/core": {
      "src": "../../../../../../node_modules/@angular/core/fesm2022/core.mjs",
      "file": "@angular_core.js",
      "fileHash": "a93421bc",
      "needsInterop": false
    },
    "@angular/platform-browser": {
      "src": "../../../../../../node_modules/@angular/platform-browser/fesm2022/platform-browser.mjs",
      "file": "@angular_platform-browser.js",
      "fileHash": "bc3001d3",
      "needsInterop": false
    },
    "@angular/router": {
      "src": "../../../../../../node_modules/@angular/router/fesm2022/router.mjs",
      "file": "@angular_router.js",
      "fileHash": "379832fd",
      "needsInterop": false
    }
  },
  "chunks": {
    "chunk-YMUBUMA6": {
      "file": "chunk-YMUBUMA6.js"
    },
    "chunk-KLPMZCNI": {
      "file": "chunk-KLPMZCNI.js"
    },
    "chunk-52ZAH7S4": {
      "file": "chunk-52ZAH7S4.js"
    },
    "chunk-Q3WVEZNI": {
      "file": "chunk-Q3WVEZNI.js"
    }
  }
}